event,day,source,target
Undirected tie,1,GB-CHC-1000147,GB-CHC-1035628
Undirected tie,2,GB-CHC-1000147,GB-CHC-1075920
Undirected tie,2,GB-CHC-1000147,GB-CHC-1102927
Undirected tie,4,GB-CHC-1000147,GB-CHC-200051
Undirected tie,5,GB-CHC-1000147,GB-CHC-326568
Undirected tie,5,GB-CHC-1009195,GB-CHC-1045304
Undirected tie,6,GB-CHC-1009195,GB-CHC-1047625
Undirected tie,6,GB-CHC-1009195,GB-CHC-1086516
Undirected tie,7,GB-CHC-1009195,GB-CHC-1102927
Undirected tie,7,GB-CHC-1009195,GB-CHC-1105580
Undirected tie,8,GB-CHC-1009195,GB-CHC-1109453
Undirected tie,8,GB-CHC-1009195,GB-CHC-1154032
Undirected tie,9,GB-CHC-1009195,GB-CHC-1165225
Undirected tie,10,GB-CHC-1009195,GB-CHC-1166471
Undirected tie,11,GB-CHC-1009195,GB-CHC-200051
Undirected tie,12,GB-CHC-1009195,GB-CHC-230260
Undirected tie,13,GB-CHC-1009195,GB-CHC-237725
Undirected tie,14,GB-CHC-1009195,GB-CHC-263294
Undirected tie,15,GB-CHC-1009195,GB-CHC-267618
Undirected tie,16,GB-CHC-1009195,GB-CHC-802052
Undirected tie,17,GB-CHC-1009195,GB-COH-02273708
Undirected tie,18,GB-CHC-1009195,GB-GOR-PB188
Undirected tie,19,GB-CHC-1035628,GB-CHC-1045304
Undirected tie,20,GB-CHC-1035628,GB-CHC-1047625
Undirected tie,21,GB-CHC-1035628,GB-CHC-1050900
Undirected tie,22,GB-CHC-1035628,GB-CHC-1052061
Undirected tie,23,GB-CHC-1035628,GB-CHC-1075032
Undirected tie,24,GB-CHC-1035628,GB-CHC-1075120
Undirected tie,25,GB-CHC-1035628,GB-CHC-1075920
Undirected tie,26,GB-CHC-1035628,GB-CHC-1086516
Undirected tie,27,GB-CHC-1035628,GB-CHC-1087167
Undirected tie,28,GB-CHC-1035628,GB-CHC-1091263
Undirected tie,29,GB-CHC-1035628,GB-CHC-1094935
Undirected tie,30,GB-CHC-1035628,GB-CHC-1099977
Undirected tie,31,GB-CHC-1035628,GB-CHC-1102927
Undirected tie,32,GB-CHC-1035628,GB-CHC-1103314
Undirected tie,33,GB-CHC-1035628,GB-CHC-1103731
Undirected tie,34,GB-CHC-1035628,GB-CHC-1105580
Undirected tie,35,GB-CHC-1035628,GB-CHC-1109453
Undirected tie,36,GB-CHC-1035628,GB-CHC-1111600
Undirected tie,37,GB-CHC-1035628,GB-CHC-1123081
Undirected tie,38,GB-CHC-1035628,GB-CHC-1123126
Undirected tie,39,GB-CHC-1035628,GB-CHC-1152596
Undirected tie,40,GB-CHC-1035628,GB-CHC-1154032
Undirected tie,41,GB-CHC-1035628,GB-CHC-1160316
Undirected tie,42,GB-CHC-1035628,GB-CHC-1165225
Undirected tie,43,GB-CHC-1035628,GB-CHC-1166471
Undirected tie,44,GB-CHC-1035628,GB-CHC-1174463
Undirected tie,45,GB-CHC-1035628,GB-CHC-1183004
Undirected tie,46,GB-CHC-1035628,GB-CHC-200051
Undirected tie,47,GB-CHC-1035628,GB-CHC-205629
Undirected tie,48,GB-CHC-1035628,GB-CHC-205856
Undirected tie,49,GB-CHC-1035628,GB-CHC-230260
Undirected tie,50,GB-CHC-1035628,GB-CHC-237725
Undirected tie,51,GB-CHC-1035628,GB-CHC-263294
Undirected tie,52,GB-CHC-1035628,GB-CHC-265647
Undirected tie,53,GB-CHC-1035628,GB-CHC-267618
Undirected tie,54,GB-CHC-1035628,GB-CHC-268369
Undirected tie,55,GB-CHC-1035628,GB-CHC-274100
Undirected tie,56,GB-CHC-1035628,GB-CHC-276976
Undirected tie,57,GB-CHC-1035628,GB-CHC-312800
Undirected tie,58,GB-CHC-1035628,GB-CHC-326340
Undirected tie,59,GB-CHC-1035628,GB-CHC-326568
Undirected tie,60,GB-CHC-1035628,GB-CHC-327114
Undirected tie,61,GB-CHC-1035628,GB-CHC-801875
Undirected tie,62,GB-CHC-1035628,GB-CHC-802052
Undirected tie,63,GB-CHC-1035628,GB-COH-02273708
Undirected tie,64,GB-CHC-1035628,GB-COH-04530979
Undirected tie,65,GB-CHC-1035628,GB-GOR-PB188
Undirected tie,66,GB-CHC-1045304,GB-CHC-1047625
Undirected tie,67,GB-CHC-1045304,GB-CHC-1075120
Undirected tie,68,GB-CHC-1045304,GB-CHC-1086516
Undirected tie,69,GB-CHC-1045304,GB-CHC-1087167
Undirected tie,70,GB-CHC-1045304,GB-CHC-1103314
Undirected tie,71,GB-CHC-1045304,GB-CHC-1105580
Undirected tie,72,GB-CHC-1045304,GB-CHC-1109453
Undirected tie,73,GB-CHC-1045304,GB-CHC-1123081
Undirected tie,74,GB-CHC-1045304,GB-CHC-1123126
Undirected tie,75,GB-CHC-1045304,GB-CHC-1166471
Undirected tie,76,GB-CHC-1045304,GB-CHC-1183004
Undirected tie,77,GB-CHC-1045304,GB-CHC-230260
Undirected tie,78,GB-CHC-1045304,GB-CHC-268369
Undirected tie,79,GB-CHC-1045304,GB-CHC-274100
Undirected tie,80,GB-CHC-1045304,GB-CHC-276976
Undirected tie,81,GB-CHC-1045304,GB-CHC-802052
Undirected tie,82,GB-CHC-1045304,GB-COH-02273708
Undirected tie,83,GB-CHC-1045304,GB-COH-04530979
Undirected tie,84,GB-CHC-1045304,GB-GOR-PB188
Undirected tie,85,GB-CHC-1047625,GB-CHC-1075120
Undirected tie,86,GB-CHC-1047625,GB-CHC-1086516
Undirected tie,87,GB-CHC-1047625,GB-CHC-1089893
Undirected tie,88,GB-CHC-1047625,GB-CHC-1099977
Undirected tie,89,GB-CHC-1047625,GB-CHC-1103314
Undirected tie,90,GB-CHC-1047625,GB-CHC-1105580
Undirected tie,91,GB-CHC-1047625,GB-CHC-1109453
Undirected tie,92,GB-CHC-1047625,GB-CHC-1111600
Undirected tie,93,GB-CHC-1047625,GB-CHC-1123126
Undirected tie,94,GB-CHC-1047625,GB-CHC-1152596
Undirected tie,95,GB-CHC-1047625,GB-CHC-1161290
Undirected tie,96,GB-CHC-1047625,GB-CHC-1166471
Undirected tie,97,GB-CHC-1047625,GB-CHC-230260
Undirected tie,98,GB-CHC-1047625,GB-CHC-268369
Undirected tie,99,GB-CHC-1047625,GB-CHC-274100
Undirected tie,100,GB-CHC-1047625,GB-CHC-327114
Undirected tie,101,GB-CHC-1047625,GB-COH-02273708
Undirected tie,102,GB-CHC-1047625,GB-COH-04530979
Undirected tie,103,GB-CHC-1047625,GB-GOR-PB188
Undirected tie,104,GB-CHC-1050900,GB-CHC-1052061
Undirected tie,105,GB-CHC-1050900,GB-CHC-1059652
Undirected tie,106,GB-CHC-1050900,GB-CHC-1075920
Undirected tie,107,GB-CHC-1050900,GB-CHC-1091263
Undirected tie,108,GB-CHC-1050900,GB-CHC-1102927
Undirected tie,109,GB-CHC-1050900,GB-CHC-1105580
Undirected tie,110,GB-CHC-1050900,GB-CHC-1111600
Undirected tie,111,GB-CHC-1050900,GB-CHC-1113226
Undirected tie,112,GB-CHC-1050900,GB-CHC-1151621
Undirected tie,113,GB-CHC-1050900,GB-CHC-200051
Undirected tie,114,GB-CHC-1050900,GB-CHC-205629
Undirected tie,115,GB-CHC-1050900,GB-CHC-205856
Undirected tie,116,GB-CHC-1050900,GB-CHC-230260
Undirected tie,117,GB-CHC-1050900,GB-CHC-251988
Undirected tie,118,GB-CHC-1050900,GB-CHC-267618
Undirected tie,119,GB-CHC-1050900,GB-CHC-268369
Undirected tie,120,GB-CHC-1050900,GB-CHC-274100
Undirected tie,121,GB-CHC-1050900,GB-CHC-299963
Undirected tie,122,GB-CHC-1050900,GB-COH-04530979
Undirected tie,123,GB-CHC-1050900,GB-GOR-PB188
Undirected tie,124,GB-CHC-1052061,GB-CHC-1096892
Undirected tie,125,GB-CHC-1052061,GB-CHC-1103314
Undirected tie,126,GB-CHC-1052061,GB-CHC-1105580
Undirected tie,127,GB-CHC-1052061,GB-CHC-1109453
Undirected tie,128,GB-CHC-1052061,GB-CHC-1113226
Undirected tie,129,GB-CHC-1052061,GB-CHC-263294
Undirected tie,130,GB-CHC-1052061,GB-CHC-265647
Undirected tie,131,GB-CHC-1052061,GB-CHC-268369
Undirected tie,132,GB-CHC-1052061,GB-CHC-274100
Undirected tie,133,GB-CHC-1052061,GB-CHC-802052
Undirected tie,134,GB-CHC-1052061,GB-COH-02273708
Undirected tie,135,GB-CHC-1052061,GB-GOR-PB188
Undirected tie,136,GB-CHC-1057923,GB-CHC-1086516
Undirected tie,137,GB-CHC-1057923,GB-CHC-1094935
Undirected tie,138,GB-CHC-1057923,GB-CHC-1099977
Undirected tie,139,GB-CHC-1057923,GB-CHC-1109453
Undirected tie,140,GB-CHC-1057923,GB-CHC-1111600
Undirected tie,141,GB-CHC-1057923,GB-CHC-1113226
Undirected tie,142,GB-CHC-1057923,GB-CHC-1123081
Undirected tie,143,GB-CHC-1057923,GB-CHC-1123126
Undirected tie,144,GB-CHC-1057923,GB-CHC-1151621
Undirected tie,145,GB-CHC-1057923,GB-CHC-200051
Undirected tie,146,GB-CHC-1057923,GB-CHC-230260
Undirected tie,147,GB-CHC-1057923,GB-CHC-268369
Undirected tie,148,GB-CHC-1057923,GB-CHC-274100
Undirected tie,149,GB-CHC-1057923,GB-CHC-276976
Undirected tie,150,GB-CHC-1057923,GB-CHC-327114
Undirected tie,151,GB-CHC-1057923,GB-CHC-802052
Undirected tie,152,GB-CHC-1057923,GB-GOR-PB188
Undirected tie,153,GB-CHC-1059652,GB-CHC-1075920
Undirected tie,154,GB-CHC-1059652,GB-CHC-1102927
Undirected tie,155,GB-CHC-1059652,GB-CHC-1105580
Undirected tie,156,GB-CHC-1059652,GB-CHC-1123081
Undirected tie,157,GB-CHC-1059652,GB-CHC-230260
Undirected tie,158,GB-CHC-1059652,GB-CHC-251988
Undirected tie,159,GB-CHC-1059652,GB-CHC-274100
Undirected tie,160,GB-CHC-1059652,GB-CHC-299963
Undirected tie,161,GB-CHC-1075032,GB-CHC-1075920
Undirected tie,162,GB-CHC-1075032,GB-CHC-1091263
Undirected tie,163,GB-CHC-1075032,GB-CHC-1099977
Undirected tie,164,GB-CHC-1075032,GB-CHC-1102927
Undirected tie,165,GB-CHC-1075032,GB-CHC-1123081
Undirected tie,166,GB-CHC-1075032,GB-CHC-1151621
Undirected tie,167,GB-CHC-1075032,GB-CHC-1154032
Undirected tie,168,GB-CHC-1075032,GB-CHC-1174463
Undirected tie,169,GB-CHC-1075032,GB-CHC-1183004
Undirected tie,170,GB-CHC-1075032,GB-CHC-200051
Undirected tie,171,GB-CHC-1075032,GB-CHC-223554
Undirected tie,172,GB-CHC-1075032,GB-CHC-230260
Undirected tie,173,GB-CHC-1075032,GB-CHC-237725
Undirected tie,174,GB-CHC-1075032,GB-CHC-268369
Undirected tie,175,GB-CHC-1075032,GB-CHC-274100
Undirected tie,176,GB-CHC-1075032,GB-CHC-276976
Undirected tie,177,GB-CHC-1075032,GB-CHC-802052
Undirected tie,178,GB-CHC-1075032,GB-COH-02273708
Undirected tie,179,GB-CHC-1075032,GB-GOR-PB188
Undirected tie,180,GB-CHC-1075120,GB-CHC-1086516
Undirected tie,181,GB-CHC-1075120,GB-CHC-1094935
Undirected tie,182,GB-CHC-1075120,GB-CHC-1096892
Undirected tie,183,GB-CHC-1075120,GB-CHC-1099977
Undirected tie,184,GB-CHC-1075120,GB-CHC-1103314
Undirected tie,185,GB-CHC-1075120,GB-CHC-1105580
Undirected tie,186,GB-CHC-1075120,GB-CHC-1109453
Undirected tie,187,GB-CHC-1075120,GB-CHC-1166471
Undirected tie,188,GB-CHC-1075120,GB-CHC-230260
Undirected tie,189,GB-CHC-1075120,GB-CHC-268369
Undirected tie,190,GB-CHC-1075120,GB-CHC-274100
Undirected tie,191,GB-CHC-1075120,GB-CHC-327114
Undirected tie,192,GB-CHC-1075120,GB-CHC-802052
Undirected tie,193,GB-CHC-1075120,GB-COH-04530979
Undirected tie,194,GB-CHC-1075120,GB-GOR-PB188
Undirected tie,195,GB-CHC-1075120,GB-NIC-105105
Undirected tie,196,GB-CHC-1075920,GB-CHC-1102927
Undirected tie,197,GB-CHC-1075920,GB-CHC-1105580
Undirected tie,198,GB-CHC-1075920,GB-CHC-200051
Undirected tie,199,GB-CHC-1075920,GB-CHC-230260
Undirected tie,200,GB-CHC-1075920,GB-CHC-247941
Undirected tie,201,GB-CHC-1075920,GB-CHC-251988
Undirected tie,202,GB-CHC-1075920,GB-CHC-268369
Undirected tie,203,GB-CHC-1075920,GB-CHC-274100
Undirected tie,204,GB-CHC-1075920,GB-CHC-299963
Undirected tie,205,GB-CHC-1075920,GB-CHC-326568
Undirected tie,206,GB-CHC-1075920,GB-GOR-PB188
Undirected tie,207,GB-CHC-1086516,GB-CHC-1094935
Undirected tie,208,GB-CHC-1086516,GB-CHC-1099977
Undirected tie,209,GB-CHC-1086516,GB-CHC-1103314
Undirected tie,210,GB-CHC-1086516,GB-CHC-1109453
Undirected tie,211,GB-CHC-1086516,GB-CHC-1111600
Undirected tie,212,GB-CHC-1086516,GB-CHC-1123126
Undirected tie,213,GB-CHC-1086516,GB-CHC-1138145
Undirected tie,214,GB-CHC-1086516,GB-CHC-1151621
Undirected tie,215,GB-CHC-1086516,GB-CHC-1166471
Undirected tie,216,GB-CHC-1086516,GB-CHC-230260
Undirected tie,217,GB-CHC-1086516,GB-CHC-268369
Undirected tie,218,GB-CHC-1086516,GB-CHC-802052
Undirected tie,219,GB-CHC-1086516,GB-COH-02273708
Undirected tie,220,GB-CHC-1086516,GB-COH-04530979
Undirected tie,221,GB-CHC-1086516,GB-GOR-PB188
Undirected tie,222,GB-CHC-1087167,GB-CHC-1103314
Undirected tie,223,GB-CHC-1087167,GB-CHC-1123081
Undirected tie,224,GB-CHC-1087167,GB-CHC-1154032
Undirected tie,225,GB-CHC-1087167,GB-CHC-1183004
Undirected tie,226,GB-CHC-1087167,GB-CHC-200051
Undirected tie,227,GB-CHC-1087167,GB-CHC-230260
Undirected tie,228,GB-CHC-1087167,GB-CHC-267618
Undirected tie,229,GB-CHC-1087167,GB-CHC-268369
Undirected tie,230,GB-CHC-1087167,GB-CHC-802052
Undirected tie,231,GB-CHC-1087167,GB-GOR-PB188
Undirected tie,232,GB-CHC-1089893,GB-CHC-1111600
Undirected tie,233,GB-CHC-1089893,GB-CHC-1152596
Undirected tie,234,GB-CHC-1091263,GB-CHC-1103314
Undirected tie,235,GB-CHC-1091263,GB-CHC-1103731
Undirected tie,236,GB-CHC-1091263,GB-CHC-1111600
Undirected tie,237,GB-CHC-1091263,GB-CHC-1113226
Undirected tie,238,GB-CHC-1091263,GB-CHC-1123081
Undirected tie,239,GB-CHC-1091263,GB-CHC-1123126
Undirected tie,240,GB-CHC-1091263,GB-CHC-1154032
Undirected tie,241,GB-CHC-1091263,GB-CHC-1174463
Undirected tie,242,GB-CHC-1091263,GB-CHC-1183004
Undirected tie,243,GB-CHC-1091263,GB-CHC-200051
Undirected tie,244,GB-CHC-1091263,GB-CHC-205629
Undirected tie,245,GB-CHC-1091263,GB-CHC-230260
Undirected tie,246,GB-CHC-1091263,GB-CHC-265647
Undirected tie,247,GB-CHC-1091263,GB-CHC-268369
Undirected tie,248,GB-CHC-1091263,GB-CHC-274100
Undirected tie,249,GB-CHC-1091263,GB-CHC-276976
Undirected tie,250,GB-CHC-1091263,GB-CHC-312800
Undirected tie,251,GB-CHC-1091263,GB-CHC-327114
Undirected tie,252,GB-CHC-1091263,GB-CHC-802052
Undirected tie,253,GB-CHC-1091263,GB-GOR-PB188
Undirected tie,254,GB-CHC-1094646,GB-CHC-268369
Undirected tie,255,GB-CHC-1094646,GB-CHC-274100
Undirected tie,256,GB-CHC-1094646,GB-CHC-327114
Undirected tie,257,GB-CHC-1094646,GB-CHC-802052
Undirected tie,258,GB-CHC-1094646,GB-GOR-PB188
Undirected tie,259,GB-CHC-1094935,GB-CHC-1099977
Undirected tie,260,GB-CHC-1094935,GB-CHC-1103314
Undirected tie,261,GB-CHC-1094935,GB-CHC-1109453
Undirected tie,262,GB-CHC-1094935,GB-CHC-1111600
Undirected tie,263,GB-CHC-1094935,GB-CHC-1123081
Undirected tie,264,GB-CHC-1094935,GB-CHC-1123126
Undirected tie,265,GB-CHC-1094935,GB-CHC-1151621
Undirected tie,266,GB-CHC-1094935,GB-CHC-268369
Undirected tie,267,GB-CHC-1094935,GB-CHC-327114
Undirected tie,268,GB-CHC-1094935,GB-CHC-802052
Undirected tie,269,GB-CHC-1094935,GB-COH-04530979
Undirected tie,270,GB-CHC-1094935,GB-GOR-PB188
Undirected tie,271,GB-CHC-1096892,GB-CHC-1105580
Undirected tie,272,GB-CHC-1096892,GB-CHC-1113226
Undirected tie,273,GB-CHC-1096892,GB-CHC-223554
Undirected tie,274,GB-CHC-1096892,GB-CHC-230260
Undirected tie,275,GB-CHC-1096892,GB-CHC-268369
Undirected tie,276,GB-CHC-1096892,GB-CHC-274100
Undirected tie,277,GB-CHC-1096892,GB-CHC-802052
Undirected tie,278,GB-CHC-1096892,GB-GOR-PB188
Undirected tie,279,GB-CHC-1099977,GB-CHC-1103314
Undirected tie,280,GB-CHC-1099977,GB-CHC-1109453
Undirected tie,281,GB-CHC-1099977,GB-CHC-1111600
Undirected tie,282,GB-CHC-1099977,GB-CHC-1123081
Undirected tie,283,GB-CHC-1099977,GB-CHC-1123126
Undirected tie,284,GB-CHC-1099977,GB-CHC-1151621
Undirected tie,285,GB-CHC-1099977,GB-CHC-1166471
Undirected tie,286,GB-CHC-1099977,GB-CHC-230260
Undirected tie,287,GB-CHC-1099977,GB-CHC-263294
Undirected tie,288,GB-CHC-1099977,GB-CHC-268369
Undirected tie,289,GB-CHC-1099977,GB-CHC-274100
Undirected tie,290,GB-CHC-1099977,GB-CHC-276976
Undirected tie,291,GB-CHC-1099977,GB-CHC-327114
Undirected tie,292,GB-CHC-1099977,GB-CHC-802052
Undirected tie,293,GB-CHC-1099977,GB-COH-02273708
Undirected tie,294,GB-CHC-1099977,GB-COH-04530979
Undirected tie,295,GB-CHC-1099977,GB-GOR-PB188
Undirected tie,296,GB-CHC-1102927,GB-CHC-1103731
Undirected tie,297,GB-CHC-1102927,GB-CHC-1105580
Undirected tie,298,GB-CHC-1102927,GB-CHC-1113226
Undirected tie,299,GB-CHC-1102927,GB-CHC-1123081
Undirected tie,300,GB-CHC-1102927,GB-CHC-1154032
Undirected tie,301,GB-CHC-1102927,GB-CHC-1174463
Undirected tie,302,GB-CHC-1102927,GB-CHC-200051
Undirected tie,303,GB-CHC-1102927,GB-CHC-205629
Undirected tie,304,GB-CHC-1102927,GB-CHC-230260
Undirected tie,305,GB-CHC-1102927,GB-CHC-237725
Undirected tie,306,GB-CHC-1102927,GB-CHC-251988
Undirected tie,307,GB-CHC-1102927,GB-CHC-253481
Undirected tie,308,GB-CHC-1102927,GB-CHC-263294
Undirected tie,309,GB-CHC-1102927,GB-CHC-267618
Undirected tie,310,GB-CHC-1102927,GB-CHC-268369
Undirected tie,311,GB-CHC-1102927,GB-CHC-274100
Undirected tie,312,GB-CHC-1102927,GB-CHC-276976
Undirected tie,313,GB-CHC-1102927,GB-CHC-299963
Undirected tie,314,GB-CHC-1102927,GB-CHC-312800
Undirected tie,315,GB-CHC-1102927,GB-CHC-326568
Undirected tie,316,GB-CHC-1102927,GB-CHC-801875
Undirected tie,317,GB-CHC-1102927,GB-CHC-802052
Undirected tie,318,GB-CHC-1102927,GB-GOR-PB188
Undirected tie,319,GB-CHC-1103314,GB-CHC-1105580
Undirected tie,320,GB-CHC-1103314,GB-CHC-1109453
Undirected tie,321,GB-CHC-1103314,GB-CHC-1111600
Undirected tie,322,GB-CHC-1103314,GB-CHC-1123081
Undirected tie,323,GB-CHC-1103314,GB-CHC-1166471
Undirected tie,324,GB-CHC-1103314,GB-CHC-1183004
Undirected tie,325,GB-CHC-1103314,GB-CHC-230260
Undirected tie,326,GB-CHC-1103314,GB-CHC-268369
Undirected tie,327,GB-CHC-1103314,GB-CHC-274100
Undirected tie,328,GB-CHC-1103314,GB-CHC-802052
Undirected tie,329,GB-CHC-1103314,GB-COH-04530979
Undirected tie,330,GB-CHC-1103314,GB-GOR-PB188
Undirected tie,331,GB-CHC-1103314,GB-NIC-105105
Undirected tie,332,GB-CHC-1103731,GB-CHC-1154032
Undirected tie,333,GB-CHC-1103731,GB-CHC-230260
Undirected tie,334,GB-CHC-1103731,GB-CHC-267618
Undirected tie,335,GB-CHC-1103731,GB-CHC-268369
Undirected tie,336,GB-CHC-1103731,GB-CHC-312800
Undirected tie,337,GB-CHC-1103731,GB-CHC-326340
Undirected tie,338,GB-CHC-1103731,GB-CHC-802052
Undirected tie,339,GB-CHC-1103731,GB-GOR-PB188
Undirected tie,340,GB-CHC-1105580,GB-CHC-1113226
Undirected tie,341,GB-CHC-1105580,GB-CHC-1123081
Undirected tie,342,GB-CHC-1105580,GB-CHC-1154032
Undirected tie,343,GB-CHC-1105580,GB-CHC-1161290
Undirected tie,344,GB-CHC-1105580,GB-CHC-1166471
Undirected tie,345,GB-CHC-1105580,GB-CHC-200051
Undirected tie,346,GB-CHC-1105580,GB-CHC-205629
Undirected tie,347,GB-CHC-1105580,GB-CHC-205856
Undirected tie,348,GB-CHC-1105580,GB-CHC-230260
Undirected tie,349,GB-CHC-1105580,GB-CHC-237725
Undirected tie,350,GB-CHC-1105580,GB-CHC-251988
Undirected tie,351,GB-CHC-1105580,GB-CHC-267618
Undirected tie,352,GB-CHC-1105580,GB-CHC-268369
Undirected tie,353,GB-CHC-1105580,GB-CHC-274100
Undirected tie,354,GB-CHC-1105580,GB-CHC-299963
Undirected tie,355,GB-CHC-1105580,GB-CHC-326340
Undirected tie,356,GB-CHC-1105580,GB-CHC-327114
Undirected tie,357,GB-CHC-1105580,GB-CHC-801875
Undirected tie,358,GB-CHC-1105580,GB-CHC-802052
Undirected tie,359,GB-CHC-1105580,GB-COH-00357963
Undirected tie,360,GB-CHC-1105580,GB-COH-02273708
Undirected tie,361,GB-CHC-1105580,GB-GOR-PB188
Undirected tie,362,GB-CHC-1105580,GB-NIC-105105
Undirected tie,363,GB-CHC-1109453,GB-CHC-1113226
Undirected tie,364,GB-CHC-1109453,GB-CHC-1123081
Undirected tie,365,GB-CHC-1109453,GB-CHC-1166471
Undirected tie,366,GB-CHC-1109453,GB-CHC-200051
Undirected tie,367,GB-CHC-1109453,GB-CHC-230260
Undirected tie,368,GB-CHC-1109453,GB-CHC-268369
Undirected tie,369,GB-CHC-1109453,GB-CHC-274100
Undirected tie,370,GB-CHC-1109453,GB-CHC-326568
Undirected tie,371,GB-CHC-1109453,GB-CHC-802052
Undirected tie,372,GB-CHC-1109453,GB-COH-02273708
Undirected tie,373,GB-CHC-1109453,GB-COH-04530979
Undirected tie,374,GB-CHC-1109453,GB-GOR-PB188
Undirected tie,375,GB-CHC-1109453,GB-NIC-105105
Undirected tie,376,GB-CHC-1111600,GB-CHC-1113226
Undirected tie,377,GB-CHC-1111600,GB-CHC-1123126
Undirected tie,378,GB-CHC-1111600,GB-CHC-1151621
Undirected tie,379,GB-CHC-1111600,GB-CHC-1152596
Undirected tie,380,GB-CHC-1111600,GB-CHC-1166471
Undirected tie,381,GB-CHC-1111600,GB-CHC-1183004
Undirected tie,382,GB-CHC-1111600,GB-CHC-230260
Undirected tie,383,GB-CHC-1111600,GB-CHC-268369
Undirected tie,384,GB-CHC-1111600,GB-CHC-274100
Undirected tie,385,GB-CHC-1111600,GB-CHC-327114
Undirected tie,386,GB-CHC-1111600,GB-CHC-802052
Undirected tie,387,GB-CHC-1111600,GB-COH-02273708
Undirected tie,388,GB-CHC-1111600,GB-COH-04530979
Undirected tie,389,GB-CHC-1111600,GB-GOR-PB188
Undirected tie,390,GB-CHC-1113226,GB-CHC-1123081
Undirected tie,391,GB-CHC-1113226,GB-CHC-1140372
Undirected tie,392,GB-CHC-1113226,GB-CHC-1151621
Undirected tie,393,GB-CHC-1113226,GB-CHC-1152596
Undirected tie,394,GB-CHC-1113226,GB-CHC-1164021
Undirected tie,395,GB-CHC-1113226,GB-CHC-200051
Undirected tie,396,GB-CHC-1113226,GB-CHC-230260
Undirected tie,397,GB-CHC-1113226,GB-CHC-268369
Undirected tie,398,GB-CHC-1113226,GB-CHC-274100
Undirected tie,399,GB-CHC-1113226,GB-CHC-327114
Undirected tie,400,GB-CHC-1113226,GB-CHC-802052
Undirected tie,401,GB-CHC-1113226,GB-GOR-PB188
Undirected tie,402,GB-CHC-1123081,GB-CHC-1123126
Undirected tie,403,GB-CHC-1123081,GB-CHC-1152596
Undirected tie,404,GB-CHC-1123081,GB-CHC-1154032
Undirected tie,405,GB-CHC-1123081,GB-CHC-1165225
Undirected tie,406,GB-CHC-1123081,GB-CHC-1183004
Undirected tie,407,GB-CHC-1123081,GB-CHC-200051
Undirected tie,408,GB-CHC-1123081,GB-CHC-230260
Undirected tie,409,GB-CHC-1123081,GB-CHC-267618
Undirected tie,410,GB-CHC-1123081,GB-CHC-268369
Undirected tie,411,GB-CHC-1123081,GB-CHC-274100
Undirected tie,412,GB-CHC-1123081,GB-CHC-276976
Undirected tie,413,GB-CHC-1123081,GB-CHC-312800
Undirected tie,414,GB-CHC-1123081,GB-CHC-326340
Undirected tie,415,GB-CHC-1123081,GB-CHC-327114
Undirected tie,416,GB-CHC-1123081,GB-CHC-802052
Undirected tie,417,GB-CHC-1123081,GB-COH-02273708
Undirected tie,418,GB-CHC-1123081,GB-COH-04530979
Undirected tie,419,GB-CHC-1123081,GB-GOR-PB188
Undirected tie,420,GB-CHC-1123126,GB-CHC-1151621
Undirected tie,421,GB-CHC-1123126,GB-CHC-1164021
Undirected tie,422,GB-CHC-1123126,GB-CHC-1166471
Undirected tie,423,GB-CHC-1123126,GB-CHC-230260
Undirected tie,424,GB-CHC-1123126,GB-CHC-276976
Undirected tie,425,GB-CHC-1123126,GB-CHC-802052
Undirected tie,426,GB-CHC-1123126,GB-COH-02273708
Undirected tie,427,GB-CHC-1123126,GB-COH-04530979
Undirected tie,428,GB-CHC-1123126,GB-GOR-PB188
Undirected tie,429,GB-CHC-1126007,GB-CHC-268369
Undirected tie,430,GB-CHC-1138145,GB-CHC-230260
Undirected tie,431,GB-CHC-1138145,GB-CHC-802052
Undirected tie,432,GB-CHC-1138145,GB-GOR-PB188
Undirected tie,433,GB-CHC-1140372,GB-CHC-274100
Undirected tie,434,GB-CHC-1140372,GB-GOR-PB188
Undirected tie,435,GB-CHC-1146484,GB-CHC-1154032
Undirected tie,436,GB-CHC-1146484,GB-CHC-200051
Undirected tie,437,GB-CHC-1146484,GB-CHC-205629
Undirected tie,438,GB-CHC-1146484,GB-CHC-230260
Undirected tie,439,GB-CHC-1146484,GB-GOR-PB188
Undirected tie,440,GB-CHC-1151621,GB-CHC-200051
Undirected tie,441,GB-CHC-1151621,GB-CHC-265647
Undirected tie,442,GB-CHC-1151621,GB-CHC-268369
Undirected tie,443,GB-CHC-1151621,GB-CHC-274100
Undirected tie,444,GB-CHC-1151621,GB-CHC-802052
Undirected tie,445,GB-CHC-1151621,GB-GOR-PB188
Undirected tie,446,GB-CHC-1152596,GB-CHC-1174463
Undirected tie,447,GB-CHC-1152596,GB-CHC-1183004
Undirected tie,448,GB-CHC-1152596,GB-CHC-200051
Undirected tie,449,GB-CHC-1152596,GB-CHC-230260
Undirected tie,450,GB-CHC-1152596,GB-CHC-267618
Undirected tie,451,GB-CHC-1152596,GB-CHC-268369
Undirected tie,452,GB-CHC-1152596,GB-CHC-276976
Undirected tie,453,GB-CHC-1152596,GB-CHC-312800
Undirected tie,454,GB-CHC-1152596,GB-CHC-802052
Undirected tie,455,GB-CHC-1152596,GB-GOR-PB188
Undirected tie,456,GB-CHC-1154032,GB-CHC-1160316
Undirected tie,457,GB-CHC-1154032,GB-CHC-1166471
Undirected tie,458,GB-CHC-1154032,GB-CHC-1174463
Undirected tie,459,GB-CHC-1154032,GB-CHC-200051
Undirected tie,460,GB-CHC-1154032,GB-CHC-205629
Undirected tie,461,GB-CHC-1154032,GB-CHC-205856
Undirected tie,462,GB-CHC-1154032,GB-CHC-230260
Undirected tie,463,GB-CHC-1154032,GB-CHC-237725
Undirected tie,464,GB-CHC-1154032,GB-CHC-263294
Undirected tie,465,GB-CHC-1154032,GB-CHC-267618
Undirected tie,466,GB-CHC-1154032,GB-CHC-268369
Undirected tie,467,GB-CHC-1154032,GB-CHC-274100
Undirected tie,468,GB-CHC-1154032,GB-CHC-276976
Undirected tie,469,GB-CHC-1154032,GB-CHC-312800
Undirected tie,470,GB-CHC-1154032,GB-CHC-326340
Undirected tie,471,GB-CHC-1154032,GB-CHC-802052
Undirected tie,472,GB-CHC-1154032,GB-COH-02273708
Undirected tie,473,GB-CHC-1154032,GB-GOR-PB188
Undirected tie,474,GB-CHC-1155954,GB-CHC-327114
Undirected tie,475,GB-CHC-1155954,GB-GOR-PB188
Undirected tie,476,GB-CHC-1160316,GB-CHC-200051
Undirected tie,477,GB-CHC-1160316,GB-CHC-268369
Undirected tie,478,GB-CHC-1160316,GB-CHC-802052
Undirected tie,479,GB-CHC-1161290,GB-CHC-230260
Undirected tie,480,GB-CHC-1161290,GB-CHC-268369
Undirected tie,481,GB-CHC-1161290,GB-CHC-274100
Undirected tie,482,GB-CHC-1161290,GB-CHC-326340
Undirected tie,483,GB-CHC-1161290,GB-CHC-327114
Undirected tie,484,GB-CHC-1161290,GB-CHC-802052
Undirected tie,485,GB-CHC-1161290,GB-COH-02273708
Undirected tie,486,GB-CHC-1161290,GB-GOR-PB188
Undirected tie,487,GB-CHC-1164021,GB-CHC-230260
Undirected tie,488,GB-CHC-1164021,GB-CHC-268369
Undirected tie,489,GB-CHC-1164021,GB-GOR-PB188
Undirected tie,490,GB-CHC-1165225,GB-CHC-200051
Undirected tie,491,GB-CHC-1165225,GB-CHC-268369
Undirected tie,492,GB-CHC-1165225,GB-CHC-802052
Undirected tie,493,GB-CHC-1165225,GB-GOR-PB188
Undirected tie,494,GB-CHC-1166471,GB-CHC-200051
Undirected tie,495,GB-CHC-1166471,GB-CHC-230260
Undirected tie,496,GB-CHC-1166471,GB-CHC-268369
Undirected tie,497,GB-CHC-1166471,GB-CHC-274100
Undirected tie,498,GB-CHC-1166471,GB-CHC-276976
Undirected tie,499,GB-CHC-1166471,GB-CHC-327114
Undirected tie,500,GB-CHC-1166471,GB-CHC-802052
Undirected tie,501,GB-CHC-1166471,GB-COH-02273708
Undirected tie,502,GB-CHC-1166471,GB-COH-04530979
Undirected tie,503,GB-CHC-1166471,GB-GOR-PB188
Undirected tie,504,GB-CHC-1174463,GB-CHC-200051
Undirected tie,505,GB-CHC-1174463,GB-CHC-205629
Undirected tie,506,GB-CHC-1174463,GB-CHC-230260
Undirected tie,507,GB-CHC-1174463,GB-CHC-237725
Undirected tie,508,GB-CHC-1174463,GB-CHC-267618
Undirected tie,509,GB-CHC-1174463,GB-CHC-268369
Undirected tie,510,GB-CHC-1174463,GB-CHC-276976
Undirected tie,511,GB-CHC-1174463,GB-CHC-802052
Undirected tie,512,GB-CHC-1174463,GB-GOR-PB188
Undirected tie,513,GB-CHC-1183004,GB-CHC-230260
Undirected tie,514,GB-CHC-1183004,GB-CHC-237725
Undirected tie,515,GB-CHC-1183004,GB-CHC-268369
Undirected tie,516,GB-CHC-1183004,GB-CHC-802052
Undirected tie,517,GB-CHC-1183004,GB-GOR-PB188
Undirected tie,518,GB-CHC-200051,GB-CHC-205629
Undirected tie,519,GB-CHC-200051,GB-CHC-230260
Undirected tie,520,GB-CHC-200051,GB-CHC-237725
Undirected tie,521,GB-CHC-200051,GB-CHC-263294
Undirected tie,522,GB-CHC-200051,GB-CHC-265647
Undirected tie,523,GB-CHC-200051,GB-CHC-267618
Undirected tie,524,GB-CHC-200051,GB-CHC-268369
Undirected tie,525,GB-CHC-200051,GB-CHC-274100
Undirected tie,526,GB-CHC-200051,GB-CHC-276976
Undirected tie,527,GB-CHC-200051,GB-CHC-299963
Undirected tie,528,GB-CHC-200051,GB-CHC-326340
Undirected tie,529,GB-CHC-200051,GB-CHC-326568
Undirected tie,530,GB-CHC-200051,GB-CHC-327114
Undirected tie,531,GB-CHC-200051,GB-CHC-801875
Undirected tie,532,GB-CHC-200051,GB-CHC-802052
Undirected tie,533,GB-CHC-200051,GB-COH-02273708
Undirected tie,534,GB-CHC-200051,GB-COH-04530979
Undirected tie,535,GB-CHC-200051,GB-GOR-PB188
Undirected tie,536,GB-CHC-205629,GB-CHC-265647
Undirected tie,537,GB-CHC-205629,GB-CHC-267618
Undirected tie,538,GB-CHC-205629,GB-CHC-268369
Undirected tie,539,GB-CHC-205629,GB-CHC-326340
Undirected tie,540,GB-CHC-205629,GB-CHC-802052
Undirected tie,541,GB-CHC-205629,GB-GOR-PB188
Undirected tie,542,GB-CHC-205856,GB-CHC-267618
Undirected tie,543,GB-CHC-205856,GB-CHC-268369
Undirected tie,544,GB-CHC-205856,GB-CHC-802052
Undirected tie,545,GB-CHC-210291,GB-CHC-326340
Undirected tie,546,GB-CHC-210291,GB-GOR-PB188
Undirected tie,547,GB-CHC-223554,GB-CHC-268369
Undirected tie,548,GB-CHC-223554,GB-GOR-PB188
Undirected tie,549,GB-CHC-230260,GB-CHC-237725
Undirected tie,550,GB-CHC-230260,GB-CHC-251988
Undirected tie,551,GB-CHC-230260,GB-CHC-267618
Undirected tie,552,GB-CHC-230260,GB-CHC-268369
Undirected tie,553,GB-CHC-230260,GB-CHC-274100
Undirected tie,554,GB-CHC-230260,GB-CHC-299963
Undirected tie,555,GB-CHC-230260,GB-CHC-326340
Undirected tie,556,GB-CHC-230260,GB-CHC-326568
Undirected tie,557,GB-CHC-230260,GB-CHC-802052
Undirected tie,558,GB-CHC-230260,GB-COH-02273708
Undirected tie,559,GB-CHC-230260,GB-COH-04530979
Undirected tie,560,GB-CHC-230260,GB-GOR-PB188
Undirected tie,561,GB-CHC-230260,GB-NIC-101763
Undirected tie,562,GB-CHC-230260,GB-NIC-105105
Undirected tie,563,GB-CHC-237725,GB-CHC-267618
Undirected tie,564,GB-CHC-237725,GB-CHC-268369
Undirected tie,565,GB-CHC-237725,GB-CHC-802052
Undirected tie,566,GB-CHC-237725,GB-GOR-PB188
Undirected tie,567,GB-CHC-247941,GB-CHC-802052
Undirected tie,568,GB-CHC-251988,GB-CHC-274100
Undirected tie,569,GB-CHC-251988,GB-CHC-299963
Undirected tie,570,GB-CHC-253481,GB-CHC-802052
Undirected tie,571,GB-CHC-253481,GB-GOR-PB188
Undirected tie,572,GB-CHC-263294,GB-CHC-265647
Undirected tie,573,GB-CHC-263294,GB-CHC-274100
Undirected tie,574,GB-CHC-263294,GB-CHC-299963
Undirected tie,575,GB-CHC-263294,GB-CHC-326568
Undirected tie,576,GB-CHC-263294,GB-CHC-802052
Undirected tie,577,GB-CHC-263294,GB-GOR-PB188
Undirected tie,578,GB-CHC-265647,GB-CHC-802052
Undirected tie,579,GB-CHC-265647,GB-GOR-PB188
Undirected tie,580,GB-CHC-267618,GB-CHC-268369
Undirected tie,581,GB-CHC-267618,GB-CHC-274100
Undirected tie,582,GB-CHC-267618,GB-CHC-276976
Undirected tie,583,GB-CHC-267618,GB-CHC-299963
Undirected tie,584,GB-CHC-267618,GB-CHC-326340
Undirected tie,585,GB-CHC-267618,GB-CHC-327114
Undirected tie,586,GB-CHC-267618,GB-CHC-802052
Undirected tie,587,GB-CHC-267618,GB-GOR-PB188
Undirected tie,588,GB-CHC-268369,GB-CHC-274100
Undirected tie,589,GB-CHC-268369,GB-CHC-276976
Undirected tie,590,GB-CHC-268369,GB-CHC-312800
Undirected tie,591,GB-CHC-268369,GB-CHC-326340
Undirected tie,592,GB-CHC-268369,GB-CHC-327114
Undirected tie,593,GB-CHC-268369,GB-CHC-802052
Undirected tie,594,GB-CHC-268369,GB-COH-02273708
Undirected tie,595,GB-CHC-268369,GB-COH-04530979
Undirected tie,596,GB-CHC-268369,GB-COH-04831118
Undirected tie,597,GB-CHC-268369,GB-GOR-PB188
Undirected tie,598,GB-CHC-268369,GB-NIC-101763
Undirected tie,599,GB-CHC-268369,GB-NIC-105105
Undirected tie,600,GB-CHC-274100,GB-CHC-276976
Undirected tie,601,GB-CHC-274100,GB-CHC-299963
Undirected tie,602,GB-CHC-274100,GB-CHC-326340
Undirected tie,603,GB-CHC-274100,GB-CHC-326568
Undirected tie,604,GB-CHC-274100,GB-CHC-327114
Undirected tie,605,GB-CHC-274100,GB-CHC-802052
Undirected tie,606,GB-CHC-274100,GB-COH-02273708
Undirected tie,607,GB-CHC-274100,GB-GOR-PB188
Undirected tie,608,GB-CHC-274100,GB-NIC-101763
Undirected tie,609,GB-CHC-276976,GB-CHC-326340
Undirected tie,610,GB-CHC-276976,GB-CHC-327114
Undirected tie,611,GB-CHC-276976,GB-CHC-802052
Undirected tie,612,GB-CHC-276976,GB-GOR-PB188
Undirected tie,613,GB-CHC-299963,GB-CHC-326568
Undirected tie,614,GB-CHC-299963,GB-CHC-328524
Undirected tie,615,GB-CHC-312800,GB-GOR-PB188
Undirected tie,616,GB-CHC-326340,GB-CHC-327114
Undirected tie,617,GB-CHC-326340,GB-CHC-802052
Undirected tie,618,GB-CHC-326340,GB-COH-02273708
Undirected tie,619,GB-CHC-326340,GB-GOR-PB188
Undirected tie,620,GB-CHC-326568,GB-COH-02273708
Undirected tie,621,GB-CHC-326568,GB-GOR-PB188
Undirected tie,622,GB-CHC-327114,GB-CHC-802052
Undirected tie,623,GB-CHC-327114,GB-COH-04831118
Undirected tie,624,GB-CHC-327114,GB-GOR-PB188
Undirected tie,625,GB-CHC-801875,GB-CHC-802052
Undirected tie,626,GB-CHC-802052,GB-COH-02273708
Undirected tie,627,GB-CHC-802052,GB-COH-04530979
Undirected tie,628,GB-CHC-802052,GB-GOR-PB188
Undirected tie,629,GB-CHC-802052,GB-NIC-101763
Undirected tie,630,GB-CHC-802052,GB-NIC-105105
Undirected tie,631,GB-COH-02273708,GB-COH-04530979
Undirected tie,632,GB-COH-02273708,GB-GOR-PB188
Undirected tie,633,GB-COH-04530979,GB-GOR-PB188
Undirected tie,634,GB-COH-04831118,GB-GOR-PB188
Undirected tie,635,GB-GOR-PB188,GB-NIC-105105
Undirected tie,636,GB-NIC-101763,GB-NIC-105105
